{"name":"t:sections.footer.name","type":"footer","sections":{"landing_footer_nDyNrQ":{"type":"landing-footer","blocks":{"footer_col_TWC4Vf":{"type":"footer_col","settings":{"title":"Just Do It. Nike.com","footer_link":"footer"}},"footer_col_C9QYAx":{"type":"footer_col","settings":{"title":"New Products","footer_link":"footer"}},"footer_col_3wMdyY":{"type":"footer_col","settings":{"title":"Our Policies","footer_link":"policies"}},"footer_col_LBAHj8":{"type":"footer_col","settings":{"title":"Latest Products","footer_link":"footer"}}},"block_order":["footer_col_TWC4Vf","footer_col_C9QYAx","footer_col_3wMdyY","footer_col_LBAHj8"],"settings":{"copyright__text":"2024 Nike, Inc. All Rights Reserved"}},"footer":{"type":"footer","disabled":true,"settings":{"color_scheme":"scheme-1","newsletter_enable":true,"newsletter_heading":"Subscribe to our emails","enable_follow_on_shop":true,"show_social":true,"enable_country_selector":true,"enable_language_selector":true,"payment_enable":true,"show_policy":false,"margin_top":0,"padding_top":36,"padding_bottom":36}}},"order":["landing_footer_nDyNrQ","footer"]}