{"sections":{"landing_hero_image_banner_UVgife":{"type":"landing-hero-image-banner","blocks":{"slider_inxqgX":{"type":"slider","settings":{"slider__image":"shopify:\/\/shop_images\/nike-just-do-it.webp","title":"Don't waste your time","content":"Run in Pegasus. Feel the responsive energy return of Air Zoom and all-new ReactX foam.","button__text":"Shop Now!","button__url":""}},"slider_wQxrqP":{"type":"slider","settings":{"slider__image":"shopify:\/\/shop_images\/nike-just-do-it.webp","title":"Don't waste your time","content":"Run in Pegasus. Feel the responsive energy return of Air Zoom and all-new ReactX foam.","button__text":"Shop Now!","button__url":""}},"slider_JKDJMX":{"type":"slider","settings":{"slider__image":"shopify:\/\/shop_images\/nike-just-do-it.webp","title":"Don't waste your time","content":"Run in Pegasus. Feel the responsive energy return of Air Zoom and all-new ReactX foam.","button__text":"Shop Now!","button__url":""}},"slider_MAzRRq":{"type":"slider","settings":{"slider__image":"shopify:\/\/shop_images\/nike-just-do-it.webp","title":"Don't waste your time","content":"Run in Pegasus. Feel the responsive energy return of Air Zoom and all-new ReactX foam.","button__text":"Shop Now!","button__url":""}},"slider_n9WCiz":{"type":"slider","settings":{"slider__image":"shopify:\/\/shop_images\/nike-just-do-it.webp","title":"Don't waste your time","content":"Run in Pegasus. Feel the responsive energy return of Air Zoom and all-new ReactX foam.","button__text":"Shop Now!","button__url":""}},"slider_UrfxQD":{"type":"slider","settings":{"slider__image":"shopify:\/\/shop_images\/nike-just-do-it.webp","title":"Don't waste your time","content":"Run in Pegasus. Feel the responsive energy return of Air Zoom and all-new ReactX foam.","button__text":"Shop Now!","button__url":""}}},"block_order":["slider_inxqgX","slider_wQxrqP","slider_JKDJMX","slider_MAzRRq","slider_n9WCiz","slider_UrfxQD"],"settings":{}},"landing_cta_with_countdown_7qGKaP":{"type":"landing-cta-with-countdown","settings":{"title":"A star Always Shine","content":"Tennis phenom Carlos Alcaraz's style is built for the bright lights, both on and off the court.","countdown__date":"06\/20\/2024","countdown__time":"22:00:00","button__text":"Shop Now!","button__url":""}},"landing_category_wCKqAL":{"type":"landing-category","settings":{"title":"Shop By Category","collection__list":["dad-worthy-fits","earth-tones","for-all-walks","race-day-speed-to-conquer-any-distance"]}},"landing_cta_zC8UVt":{"type":"landing-cta","settings":{"title":"new this week","content":"Tennis phenom Carlos Alcaraz's style is built for the bright lights, both on and off the court.","button__text":"Shop New Arrivals","button__url":"shopify:\/\/collections\/all"}},"landing_image_banner_8rBNTQ":{"type":"landing-image-banner","settings":{"desktop__image":"shopify:\/\/shop_images\/nike-just-do-it_7da4290e-0885-4adc-85e4-917335bc672c.webp","mobile__image":"shopify:\/\/shop_images\/free-metcon-6-womens-workout-shoes-T7WdM6.jpg"}},"landing_product_slider_33YRDJ":{"type":"landing-product-slider","settings":{"title":"Shop by Product","collection":"for-all-walks"}},"landing_blogs_h8q97C":{"type":"landing-blogs","settings":{"blog":"news"}},"landing_newsletter_36xXKY":{"type":"landing-newsletter","settings":{"title":"Sign Up For Upadates","content":"Community and a Coach at Your Fingertips"}}},"order":["landing_hero_image_banner_UVgife","landing_cta_with_countdown_7qGKaP","landing_category_wCKqAL","landing_cta_zC8UVt","landing_image_banner_8rBNTQ","landing_product_slider_33YRDJ","landing_blogs_h8q97C","landing_newsletter_36xXKY"]}